{
  "images" : [
    {
      "idiom" : "iphone",
      "scale" : "1x",
      "filename" : "mainBG.png"
    },
    {
      "idiom" : "iphone",
      "scale" : "2x",
      "filename" : "mainBG@2x.png"
    },
    {
      "idiom" : "iphone",
      "filename" : "mainBG-568h@2x.png",
      "subtype" : "retina4",
      "scale" : "2x"
    },
    {
      "idiom" : "ipad",
      "scale" : "1x",
      "filename" : "mainBG~ipad.png"
    },
    {
      "idiom" : "ipad",
      "scale" : "2x",
      "filename" : "mainBG~ipad@2x.png"
    }
  ],
  "info" : {
    "version" : 1,
    "author" : "xcode"
  }
}