{
  "images" : [
    {
      "idiom" : "iphone",
      "scale" : "1x",
      "filename" : "share.png"
    },
    {
      "idiom" : "iphone",
      "scale" : "2x",
      "filename" : "share@2x.png"
    },
    {
      "idiom" : "iphone",
      "filename" : "share@2x-1.png",
      "subtype" : "retina4",
      "scale" : "2x"
    },
    {
      "idiom" : "ipad",
      "scale" : "1x",
      "filename" : "share~ipad.png"
    },
    {
      "idiom" : "ipad",
      "scale" : "2x",
      "filename" : "share~ipad@2x.png"
    }
  ],
  "info" : {
    "version" : 1,
    "author" : "xcode"
  }
}