{
  "images" : [
    {
      "idiom" : "iphone",
      "scale" : "1x",
      "filename" : "creditsBG.png"
    },
    {
      "idiom" : "iphone",
      "scale" : "2x",
      "filename" : "creditsBG@2x.png"
    },
    {
      "idiom" : "iphone",
      "filename" : "creditsBG-568h@2x.png",
      "subtype" : "retina4",
      "scale" : "2x"
    },
    {
      "idiom" : "ipad",
      "scale" : "1x",
      "filename" : "creditsBG~ipad.png"
    },
    {
      "idiom" : "ipad",
      "scale" : "2x",
      "filename" : "creditsBG~ipad@2x.png"
    }
  ],
  "info" : {
    "version" : 1,
    "author" : "xcode"
  }
}